district,Latitude,Longitude
Bankura,23.13195425,87.2073972
Bardhaman,23.41146995,87.84499445
Birbhum,24.0,87.583333
Burdwan,23.249571399999997,87.86817509999999
Dakshin Dinajpur,25.38703085,88.50471505
"Darjeeling, Jalpaiguri",26.8735351,88.6131918
Hooghly,22.9052114,88.3760639
Howrah,22.5736296,88.3251045
Jalpaiguri,26.4733048,88.67886686
Malda,25.0057449,88.1398483
Murshidabad,24.1745993,88.2721335
Nadia,23.48454125,88.55676307
North 24 Parganas,22.642931,88.8930579
Paschim Medinipur,22.3599134,87.41331448
Purba Medinipur,22.06217445,87.83672383
Purulia,23.3291882,86.3672378
South 24 Parganas,22.5760669,88.42006758
Uttar Dinajpur,25.8707958,87.96259728
