source,target,base_weight,distance_km
Bankura,Bardhaman,0.6693751182559176,72.16535625339411
Bankura,Birbhum,0.5612174473840477,103.84898600474567
Bankura,Burdwan,0.6820506181901841,68.79282874616446
Bankura,Paschim Medinipur,0.6115574268700232,88.40586160588873
Bankura,Purulia,0.6108828593082982,88.60427349687188
Bardhaman,Bankura,0.6693751182559176,72.16535625339411
Bardhaman,Birbhum,0.6750178143890356,70.65620473203481
Bardhaman,Burdwan,0.9039355444567743,18.157216977653274
Bardhaman,Murshidabad,0.588427504943616,95.3372784990729
Bardhaman,Nadia,0.666043091728629,73.06249974384131
Bardhaman,Purulia,0.4314699419519135,151.1148862923994
Birbhum,Bankura,0.5612174473840477,103.84898600474567
Birbhum,Bardhaman,0.6750178143890356,70.65620473203481
Birbhum,Burdwan,0.6117627678628215,88.34550770169385
Birbhum,Malda,0.4983465389786443,125.20906582702911
Birbhum,Murshidabad,0.6678809561139191,72.56710375308774
Birbhum,Purulia,0.4474459580193895,144.5784827344664
Burdwan,Bankura,0.6820506181901841,68.79282874616446
Burdwan,Bardhaman,0.9039355444567743,18.157216977653274
Burdwan,Birbhum,0.6117627678628215,88.34550770169385
Burdwan,Hooghly,0.698373282994268,64.54106928821433
Burdwan,Nadia,0.6589530784124061,74.98650576036172
Dakshin Dinajpur,"Darjeeling, Jalpaiguri",0.39796737209507554,165.64606209813832
Dakshin Dinajpur,Jalpaiguri,0.5072172093569106,122.03710399802394
Dakshin Dinajpur,Malda,0.732018186351708,56.08216057311977
Dakshin Dinajpur,Murshidabad,0.4671119654175006,136.84559356473275
Dakshin Dinajpur,Uttar Dinajpur,0.6535420246615441,76.46887525674464
"Darjeeling, Jalpaiguri",Dakshin Dinajpur,0.39796737209507554,165.64606209813832
"Darjeeling, Jalpaiguri",Jalpaiguri,0.7786508592094599,44.97945475144149
"Darjeeling, Jalpaiguri",Malda,0.30578977863126244,213.0129203374588
"Darjeeling, Jalpaiguri",Uttar Dinajpur,0.4880344812989766,128.9681868006191
Hooghly,Burdwan,0.698373282994268,64.54106928821433
Hooghly,Howrah,0.8129092815130443,37.23873678121338
Hooghly,Nadia,0.6888337616034956,67.01371560167743
Hooghly,North 24 Parganas,0.7142537104462432,60.498822393154455
Hooghly,Purba Medinipur,0.5456859266331655,108.89446760787692
Hooghly,South 24 Parganas,0.8145495496299058,36.8763479270358
Howrah,Hooghly,0.8129092815130443,37.23873678121338
Howrah,North 24 Parganas,0.7210049051522822,58.80751118595017
Howrah,Paschim Medinipur,0.584120742667591,96.65794141832257
Howrah,Purba Medinipur,0.6556780894206882,75.88223483487774
Howrah,South 24 Parganas,0.947189625665633,9.754103729952174
Jalpaiguri,Dakshin Dinajpur,0.5072172093569106,122.03710399802394
Jalpaiguri,"Darjeeling, Jalpaiguri",0.7786508592094599,44.97945475144149
Jalpaiguri,Malda,0.3843965139939203,171.88358179352784
Jalpaiguri,Uttar Dinajpur,0.5798798429464573,97.96795735514709
Malda,Birbhum,0.4983465389786443,125.20906582702911
Malda,Dakshin Dinajpur,0.732018186351708,56.08216057311977
Malda,"Darjeeling, Jalpaiguri",0.30578977863126244,213.0129203374588
Malda,Jalpaiguri,0.3843965139939203,171.88358179352784
Malda,Murshidabad,0.5948621255121066,93.38201173620311
Malda,Uttar Dinajpur,0.5803506428480766,97.82205511251121
Murshidabad,Bardhaman,0.588427504943616,95.3372784990729
Murshidabad,Birbhum,0.6678809561139191,72.56710375308774
Murshidabad,Dakshin Dinajpur,0.4671119654175006,136.84559356473275
Murshidabad,Malda,0.5948621255121066,93.38201173620311
Murshidabad,Nadia,0.6337024937477864,82.01097825116241
Nadia,Bardhaman,0.666043091728629,73.06249974384131
Nadia,Burdwan,0.6589530784124061,74.98650576036172
Nadia,Hooghly,0.6888337616034956,67.01371560167743
Nadia,Murshidabad,0.6337024937477864,82.01097825116241
Nadia,North 24 Parganas,0.5742984412887584,99.70673327226886
North 24 Parganas,Hooghly,0.7142537104462432,60.498822393154455
North 24 Parganas,Howrah,0.7210049051522822,58.80751118595017
North 24 Parganas,Nadia,0.5742984412887584,99.70673327226886
North 24 Parganas,South 24 Parganas,0.7609308342578275,49.118027767588885
Paschim Medinipur,Bankura,0.6115574268700232,88.40586160588873
Paschim Medinipur,Howrah,0.584120742667591,96.65794141832257
Paschim Medinipur,Purba Medinipur,0.7375235024661881,54.735146184645664
Paschim Medinipur,Purulia,0.42933201579256225,152.00790426818446
Paschim Medinipur,South 24 Parganas,0.5539150614010901,106.20357098188039
Purba Medinipur,Hooghly,0.5456859266331655,108.89446760787692
Purba Medinipur,Howrah,0.6556780894206882,75.88223483487774
Purba Medinipur,Paschim Medinipur,0.7375235024661881,54.735146184645664
Purba Medinipur,South 24 Parganas,0.6307155534472579,82.86036702596436
Purulia,Bankura,0.6108828593082982,88.60427349687188
Purulia,Bardhaman,0.4314699419519135,151.1148862923994
Purulia,Birbhum,0.4474459580193895,144.5784827344664
Purulia,Paschim Medinipur,0.42933201579256225,152.00790426818446
South 24 Parganas,Hooghly,0.8145495496299058,36.8763479270358
South 24 Parganas,Howrah,0.947189625665633,9.754103729952174
South 24 Parganas,North 24 Parganas,0.7609308342578275,49.118027767588885
South 24 Parganas,Paschim Medinipur,0.5539150614010901,106.20357098188039
South 24 Parganas,Purba Medinipur,0.6307155534472579,82.86036702596436
Uttar Dinajpur,Dakshin Dinajpur,0.6535420246615441,76.46887525674464
Uttar Dinajpur,"Darjeeling, Jalpaiguri",0.4880344812989766,128.9681868006191
Uttar Dinajpur,Jalpaiguri,0.5798798429464573,97.96795735514709
Uttar Dinajpur,Malda,0.5803506428480766,97.82205511251121
